Link Name,Center of Mass X,Center of Mass Y,Center of Mass Z,Center of Mass Roll,Center of Mass Pitch,Center of Mass Yaw,Mass,Moment Ixx,Moment Ixy,Moment Ixz,Moment Iyy,Moment Iyz,Moment Izz,Visual X,Visual Y,Visual Z,Visual Roll,Visual Pitch,Visual Yaw,Mesh Filename,Color Red,Color Green,Color Blue,Color Alpha,Collision X,Collision Y,Collision Z,Collision Roll,Collision Pitch,Collision Yaw,Collision Mesh Filename,Material Name,SW Components,Coordinate System,Axis Name,Joint Name,Joint Type,Joint Origin X,Joint Origin Y,Joint Origin Z,Joint Origin Roll,Joint Origin Pitch,Joint Origin Yaw,Parent,Joint Axis X,Joint Axis Y,Joint Axis Z,Limit Effort,Limit Velocity,Limit Lower,Limit Upper,Calibration rising,Calibration falling,Dynamics Damping,Dynamics Friction,Safety Soft Upper,Safety Soft Lower,Safety K Position,Safety K Velocity
base_link,0.000187977416899944,0.000386906676497267,0.0210651773735545,0,0,0,0.0971002124921789,0.000126290753658982,-3.98073630009447E-06,-5.90945358259854E-07,0.000120029056021776,-1.21651133817239E-06,0.000205846014629657,0,0,0,0,0,0,package://ur_arm/meshes/base_link.STL,1,1,1,1,0,0,0,0,0,0,package://ur_arm/meshes/base_link.STL,,轴和底座装配体-1/Circular Base-1,坐标系base,,,,0,0,0,0,0,0,,0,0,0,,,,,,,,,,,,
Link1,-0.00040859,-0.02867,0.00085855,0,0,0,0.14139,0.0002106,3.3272E-05,-1.0701E-06,0.00012359,3.6479E-06,0.00023886,0,0,0,0,0,0,package://ur_arm/meshes/Link1.STL,1,1,1,1,0,0,0,0,0,0,package://ur_arm/meshes/Link1.STL,,轴和底座装配体-1/UnderArmRight-1;轴和底座装配体-1/UnderArmLeft-1,坐标系1,基准轴1,joint1,revolute,0,0,0.04869,-1.5394,0,0,base_link,0,-0.99951,0.031373,100,1,0,0,,,,,,,,
Link2,0.0334449586618212,0.0685271675060545,-0.00215096289118835,0,0,0,0.122943710994718,0.000119773624785502,7.19142469780315E-19,-2.27934106463869E-20,1.52410107196372E-05,3.33485484269343E-06,0.000121388031837196,0,0,0,0,0,0,package://ur_arm/meshes/Link2.STL,1,1,1,1,0,0,0,0,0,0,package://ur_arm/meshes/Link2.STL,,轴和底座装配体-1/(29课最后保存)（答案）大舵机装配体[阿奇设计分享提供]2018-5/(29课最后保存)（答案）大舵机渲染2018-1;轴和底座装配体-1/UpperArm-1;轴和底座装配体-1/UpperArm-2;轴和底座装配体-1/bearingwrist-2;轴和底座装配体-1/bearingwrist-1;轴和底座装配体-1/(29课最后保存)（答案）大舵机装配体[阿奇设计分享提供]2018-1/(29课最后保存)（答案）大舵机渲染2018-1;轴和底座装配体-1/(29课最后保存)（答案）大舵机装配体[阿奇设计分享提供]2018-5/(29课最后保存)答案）舵机圆舵盘渲染2018-1,坐标系2,基准轴2,joint2,revolute,-0.03305,-0.14197,0.0044561,3.1416,0,0,Link1,-1,0,0,100,1,0,0,,,,,,,,
Link3,0.00280459990209161,0.0619602440401176,0.0367843797766421,0,0,0,0.0852300368678392,4.38404770804073E-05,3.84071439290302E-07,-7.49103854179788E-08,3.42169694960761E-05,5.62690796250091E-09,1.95082152284413E-05,0,0,0,0,0,0,package://ur_arm/meshes/Link3.STL,1,1,1,1,0,0,0,0,0,0,package://ur_arm/meshes/Link3.STL,,轴和底座装配体-1/WristServoPlate-1;轴和底座装配体-1/WrisLeftSide-3;轴和底座装配体-1/(29课最后保存)（答案）大舵机装配体[阿奇设计分享提供]2018-1/(29课最后保存)答案）舵机圆舵盘渲染2018-1;轴和底座装配体-1/WrisLeftSide舵机侧边2-1;gripper-1/Base-2;gripper-1/毕设大舵机装配体-1/(29课最后保存)（答案）大舵机渲染2018-1,坐标系3,基准轴3,joint3,revolute,0,0.13793,-0.0043295,0,1.5708,0,Link2,0,0,1,100,1,0,0,,,,,,,,
Link4_left,-0.017289711016892,-5.45991042466137E-05,0.0266369907714521,0,0,0,0.0194791159436959,1.70355335129061E-06,-1.62752911557135E-07,-5.01575539559182E-07,3.67893000790413E-06,-8.11493770414506E-08,3.7662440729562E-06,0,0,0,0,0,0,package://ur_arm/meshes/Link4_left.STL,1,1,1,1,0,0,0,0,0,0,package://ur_arm/meshes/Link4_left.STL,,gripper-1/Part2夹爪尖尖-1;gripper-1/左滑块-1,坐标系4,基准轴4,joint4_left,prismatic,-0.0026814,0.10369,0.0335,3.1416,0,-1.6022,Link3,0,0,1,100,1,0,0,,,,,,,,
Link4_right,-0.0172897062203861,-5.4446293390284E-05,-0.0251507676490662,0,0,0,0.0194791159436959,1.70354657168805E-06,-1.62758902517759E-07,5.01575291211585E-07,3.67893039067829E-06,8.11414649912117E-08,3.76623767612795E-06,0,0,0,0,0,0,package://ur_arm/meshes/Link4_right.STL,1,1,1,1,0,0,0,0,0,0,package://ur_arm/meshes/Link4_right.STL,,gripper-1/右滑块-1;gripper-1/Part2夹爪尖尖-2,坐标系4,基准轴4,joint4_right,prismatic,-0.0026814,0.10369,0.0335,3.1416,0,-1.6022,Link3,0,0,1,100,1,0,0,,,,,,,,
